Team,Location,fumblesGeneral,fumblesLostGeneral,fumblesForcedGeneral,fumblesRecoveredGeneral,fumblesTouchdownsGeneral,gamesPlayedGeneral,offensiveTwoPtReturnsGeneral,offensiveFumblesTouchdownsGeneral,defensiveFumblesTouchdownsGeneral,avgGainPassing,completionPctPassing,completionsPassing,ESPNQBRatingPassing,interceptionPctPassing,interceptionsPassing,longPassingPassing,miscYardsPassing,netPassingYardsPassing,netPassingYardsPerGamePassing,netTotalYardsPassing,netYardsPerGamePassing,passingAttemptsPassing,passingBigPlaysPassing,passingFirstDownsPassing,passingFumblesPassing,passingFumblesLostPassing,passingTouchdownPctPassing,passingTouchdownsPassing,passingYardsPassing,passingYardsAfterCatchPassing,passingYardsAtCatchPassing,passingYardsPerGamePassing,QBRatingPassing,sacksPassing,sackYardsLostPassing,netPassingAttemptsPassing,teamGamesPlayedPassing,totalOffensivePlaysPassing,totalPointsPassing,totalPointsPerGamePassing,totalTouchdownsPassing,totalYardsPassing,totalYardsFromScrimmagePassing,twoPointPassConvsPassing,twoPtPassPassing,twoPtPassAttemptsPassing,yardsFromScrimmagePerGamePassing,yardsPerCompletionPassing,yardsPerGamePassing,yardsPerPassAttemptPassing,netYardsPerPassAttemptPassing,quarterbackRatingPassing,avgGainRushing,ESPNRBRatingRushing,longRushingRushing,miscYardsRushing,netTotalYardsRushing,netYardsPerGameRushing,rushingAttemptsRushing,rushingBigPlaysRushing,rushingFirstDownsRushing,rushingFumblesRushing,rushingFumblesLostRushing,rushingTouchdownsRushing,rushingYardsRushing,rushingYardsPerGameRushing,stuffsRushing,stuffYardsLostRushing,teamGamesPlayedRushing,totalOffensivePlaysRushing,totalPointsRushing,totalPointsPerGameRushing,totalTouchdownsRushing,totalYardsRushing,totalYardsFromScrimmageRushing,twoPointRushConvsRushing,twoPtRushRushing,twoPtRushAttemptsRushing,yardsFromScrimmagePerGameRushing,yardsPerGameRushing,yardsPerRushAttemptRushing,avgGainReceiving,ESPNWRRatingReceiving,longReceptionReceiving,miscYardsReceiving,netTotalYardsReceiving,netYardsPerGameReceiving,receivingBigPlaysReceiving,receivingFirstDownsReceiving,receivingFumblesReceiving,receivingFumblesLostReceiving,receivingTargetsReceiving,receivingTouchdownsReceiving,receivingYardsReceiving,receivingYardsAfterCatchReceiving,receivingYardsAtCatchReceiving,receivingYardsPerGameReceiving,receptionsReceiving,teamGamesPlayedReceiving,totalOffensivePlaysReceiving,totalPointsReceiving,totalPointsPerGameReceiving,totalTouchdownsReceiving,totalYardsReceiving,totalYardsFromScrimmageReceiving,twoPointRecConvsReceiving,twoPtReceptionReceiving,twoPtReceptionAttemptsReceiving,yardsFromScrimmagePerGameReceiving,yardsPerGameReceiving,yardsPerReceptionReceiving,assistTacklesDefensive,avgInterceptionYardsDefensive,avgSackYardsDefensive,avgStuffYardsDefensive,blockedFieldGoalTouchdownsDefensive,blockedPuntTouchdownsDefensive,defensiveTouchdownsDefensive,hurriesDefensive,kicksBlockedDefensive,longInterceptionDefensive,miscTouchdownsDefensive,passesBattedDownDefensive,passesDefendedDefensive,twoPtReturnsDefensive,sacksDefensive,sackYardsDefensive,safetiesDefensive,soloTacklesDefensive,stuffsDefensive,stuffYardsDefensive,tacklesForLossDefensive,teamGamesPlayedDefensive,totalTacklesDefensive,yardsAllowedDefensive,pointsAllowedDefensive,onePtSafetiesMadeDefensive,interceptionsDefensive Interceptions,interceptionTouchdownsDefensive Interceptions,interceptionYardsDefensive Interceptions,avgKickoffReturnYardsKicking,avgKickoffYardsKicking,extraPointAttemptsKicking,extraPointPctKicking,extraPointsBlockedKicking,extraPointsBlockedPctKicking,extraPointsMadeKicking,fairCatchesKicking,fairCatchPctKicking,fieldGoalAttemptsKicking,fieldGoalAttempts1_19Kicking,fieldGoalAttempts20_29Kicking,fieldGoalAttempts30_39Kicking,fieldGoalAttempts40_49Kicking,fieldGoalAttempts50_59Kicking,fieldGoalAttempts60_99Kicking,fieldGoalAttempts50Kicking,fieldGoalAttemptYardsKicking,fieldGoalPctKicking,fieldGoalsBlockedKicking,fieldGoalsBlockedPctKicking,fieldGoalsMadeKicking,fieldGoalsMade1_19Kicking,fieldGoalsMade20_29Kicking,fieldGoalsMade30_39Kicking,fieldGoalsMade40_49Kicking,fieldGoalsMade50_59Kicking,fieldGoalsMade60_99Kicking,fieldGoalsMade50Kicking,fieldGoalsMadeYardsKicking,fieldGoalsMissedYardsKicking,kickoffReturnsKicking,kickoffReturnTouchdownsKicking,kickoffReturnYardsKicking,kickoffsKicking,kickoffYardsKicking,longFieldGoalAttemptKicking,longFieldGoalMadeKicking,longKickoffKicking,teamGamesPlayedKicking,totalKickingPointsKicking,touchbackPctKicking,touchbacksKicking,defFumbleReturnsReturning,defFumbleReturnYardsReturning,fumbleRecoveriesReturning,fumbleRecoveryYardsReturning,kickReturnFairCatchesReturning,kickReturnFairCatchPctReturning,kickReturnFumblesReturning,kickReturnFumblesLostReturning,kickReturnsReturning,kickReturnTouchdownsReturning,kickReturnYardsReturning,longKickReturnReturning,longPuntReturnReturning,miscFumbleReturnsReturning,miscFumbleReturnYardsReturning,oppFumbleRecoveriesReturning,oppFumbleRecoveryYardsReturning,oppSpecialTeamFumbleReturnsReturning,oppSpecialTeamFumbleReturnYardsReturning,puntReturnFairCatchesReturning,puntReturnFairCatchPctReturning,puntReturnFumblesReturning,puntReturnFumblesLostReturning,puntReturnsReturning,puntReturnsStartedInsideThe10Returning,puntReturnsStartedInsideThe20Returning,puntReturnTouchdownsReturning,puntReturnYardsReturning,specialTeamFumbleReturnsReturning,specialTeamFumbleReturnYardsReturning,teamGamesPlayedReturning,yardsPerKickReturnReturning,yardsPerPuntReturnReturning,yardsPerReturnReturning,avgPuntReturnYardsPunting,fairCatchesPunting,grossAvgPuntYardsPunting,longPuntPunting,netAvgPuntYardsPunting,puntReturnsPunting,puntReturnYardsPunting,puntsPunting,puntsBlockedPunting,puntsBlockedPctPunting,puntsInside10Punting,puntsInside10PctPunting,puntsInside20Punting,puntsInside20PctPunting,puntYardsPunting,teamGamesPlayedPunting,touchbackPctPunting,touchbacksPunting,defensivePointsScoring,fieldGoalsScoring,kickExtraPointsScoring,miscPointsScoring,passingTouchdownsScoring,receivingTouchdownsScoring,returnTouchdownsScoring,rushingTouchdownsScoring,totalPointsScoring,totalPointsPerGameScoring,totalTouchdownsScoring,totalTwoPointConvsScoring,twoPointPassConvsScoring,twoPointRecConvsScoring,twoPointRushConvsScoring,onePtSafetiesMadeScoring,firstDownsMiscellaneous,firstDownsPassingMiscellaneous,firstDownsPenaltyMiscellaneous,firstDownsPerGameMiscellaneous,firstDownsRushingMiscellaneous,fourthDownAttemptsMiscellaneous,fourthDownConvPctMiscellaneous,fourthDownConvsMiscellaneous,fumblesLostMiscellaneous,possessionTimeSecondsMiscellaneous,redzoneEfficiencyPctMiscellaneous,redzoneFieldGoalPctMiscellaneous,redzoneScoringPctMiscellaneous,redzoneTouchdownPctMiscellaneous,thirdDownAttemptsMiscellaneous,thirdDownConvPctMiscellaneous,thirdDownConvsMiscellaneous,totalGiveawaysMiscellaneous,totalPenaltiesMiscellaneous,totalPenaltyYardsMiscellaneous,totalTakeawaysMiscellaneous,totalDrivesMiscellaneous,turnOverDifferentialMiscellaneous
Cardinals,Arizona,21.0,6.0,8.0,6.0,1.0,17.0,0.0,0.0,1.0,536.94,63.964,355.0,4330.0,2.162,12.0,69.0,0.0,3144.0,184.94118,5509.0,324.05884,555.0,38.0,173.0,10.0,4.0,3.243,18.0,3430.0,1678.0,1752.0,201.765,82.938,42.0,286.0,597.0,17.0,1068.0,330.0,19.412,36.0,5795.0,5795.0,2.0,1.0,7.0,340.88235,9.662,340.882,6.18,5.266331658291457,82.938,536.94,2870.0,49.0,0.0,5509.0,324.05884,471.0,23.0,127.0,23.0,0.0,17.0,2365.0,139.118,64.0,-129.0,17.0,1068.0,330.0,19.412,36.0,5795.0,5795.0,0.0,3.0,6.0,340.88235,340.882,5.021,536.94,5835.0,69.0,0.0,5509.0,324.05884,38.0,173.0,10.0,4.0,540.0,18.0,3430.0,1678.0,1752.0,201.765,355.0,17.0,1068.0,330.0,19.412,36.0,5795.0,5795.0,540.0,1.0,7.0,340.88235,340.882,9.662,449.0,8.909,7.061,4.651,0.0,0.0,1.0,0.0,0.0,46.0,0.0,0.0,66.0,0.0,33.0,233.0,0.0,769.0,43.0,200.0,76.0,17.0,1218.0,0.0,0.0,0.0,11.0,0.0,98.0,21.222,61.342,23.0,95.652,0.0,0.0,22.0,2.0,2.532,33.0,0.0,6.0,8.0,7.0,11.0,1.0,12.0,1413.0,84.848,0.0,0.0,28.0,0.0,6.0,7.0,6.0,8.0,1.0,9.0,1174.0,239.0,18.0,0.0,382.0,79.0,4846.0,62.0,62.0,70.0,17.0,106.0,83.544,66.0,0.0,0.0,6.0,4.0,1.0,5.263158,0.0,0.0,18.0,0.0,382.0,40.0,49.0,0.0,0.0,6.0,1.0,0.0,0.0,11.0,26.190477,0.0,0.0,31.0,0.0,0.0,0.0,286.0,0.0,0.0,17.0,21.222221,9.225806,13.632653,10.167,12.0,49.563,77.0,43.844,36.0,366.0,64.0,0.0,0.0,5.0,7.813,13.0,20.313,3172.0,17.0,4.688,3.0,0.0,28.0,22.0,0.0,18.0,18.0,1.0,17.0,330.0,19.412,36.0,4.0,1.0,1.0,3.0,0.0,330.0,173.0,30.0,19.412,127.0,34.0,44.118,15.0,6.0,29879.0,73.75,25.58,88.37,62.79,225.0,39.111,88.0,18.0,101.0,859.0,17.0,0.0,-1.0
Falcons,Atlanta,24.0,11.0,20.0,8.0,0.0,17.0,0.0,0.0,0.0,540.209,61.698,327.0,4455.0,3.208,17.0,75.0,0.0,3524.0,207.29411,5683.0,334.29413,530.0,46.0,181.0,8.0,5.0,3.208,17.0,3775.0,1768.0,2007.0,222.059,80.504,40.0,251.0,570.0,17.0,1092.0,321.0,18.882,32.0,5934.0,5934.0,3.0,2.0,3.0,349.05884,11.544,349.059,7.123,6.182456140350877,80.504,540.209,2484.0,38.0,0.0,5683.0,334.29413,522.0,11.0,121.0,11.0,3.0,14.0,2159.0,127.0,57.0,-115.0,17.0,1092.0,321.0,18.882,32.0,5934.0,5934.0,1.0,0.0,1.0,349.05884,349.059,4.136,540.209,6005.0,75.0,0.0,5683.0,334.29413,46.0,181.0,8.0,5.0,508.0,17.0,3775.0,1768.0,2007.0,222.059,327.0,17.0,1092.0,321.0,18.882,32.0,5934.0,5934.0,508.0,2.0,3.0,349.05884,349.059,11.544,464.0,15.5,6.143,5.268,0.0,0.0,1.0,0.0,0.0,92.0,0.0,0.0,66.0,0.0,42.0,258.0,1.0,758.0,41.0,216.0,83.0,17.0,1222.0,0.0,0.0,0.0,8.0,1.0,124.0,16.857,64.506,28.0,96.429,0.0,0.0,27.0,1.0,1.266,37.0,0.0,10.0,10.0,11.0,6.0,0.0,6.0,1403.0,86.486,0.0,0.0,32.0,0.0,10.0,10.0,9.0,3.0,0.0,3.0,1162.0,241.0,14.0,0.0,236.0,79.0,5096.0,54.0,54.0,75.0,17.0,123.0,83.544,66.0,0.0,0.0,8.0,19.0,0.0,0.0,0.0,0.0,14.0,0.0,236.0,29.0,23.0,0.0,0.0,10.0,29.0,0.0,0.0,18.0,35.294117,0.0,0.0,33.0,0.0,0.0,0.0,239.0,0.0,0.0,17.0,16.857143,7.242424,10.106383,11.387,24.0,46.973,66.0,42.267,31.0,353.0,75.0,0.0,0.0,11.0,14.667,27.0,36.0,3523.0,17.0,4.0,3.0,2.0,32.0,27.0,0.0,17.0,17.0,1.0,14.0,321.0,18.882,32.0,2.0,2.0,2.0,0.0,0.0,326.0,181.0,24.0,19.176,121.0,19.0,42.105,8.0,11.0,29735.0,62.31,36.17,82.98,46.81,225.0,40.0,90.0,28.0,84.0,743.0,16.0,0.0,-12.0
Ravens,Baltimore,23.0,12.0,17.0,13.0,0.0,17.0,0.0,0.0,0.0,608.309,66.397,328.0,5561.0,1.417,7.0,80.0,0.0,3635.0,213.82353,6296.0,370.35294,494.0,52.0,180.0,12.0,7.0,5.466,27.0,3881.0,1830.0,2051.0,228.294,102.463,41.0,246.0,535.0,17.0,1076.0,483.0,28.412,55.0,6542.0,6542.0,3.0,1.0,1.0,384.82352,11.832,384.824,7.856,6.794392523364486,102.463,608.309,3391.0,60.0,0.0,6296.0,370.35294,541.0,21.0,144.0,21.0,3.0,26.0,2661.0,156.529,50.0,-99.0,17.0,1076.0,483.0,28.412,55.0,6542.0,6542.0,0.0,1.0,1.0,384.82352,384.824,4.919,608.309,6466.0,80.0,0.0,6296.0,370.35294,52.0,180.0,12.0,7.0,476.0,27.0,3881.0,1830.0,2051.0,228.294,328.0,17.0,1076.0,483.0,28.412,55.0,6542.0,6542.0,476.0,1.0,1.0,384.82352,384.824,11.832,401.0,14.333,7.567,13.586,0.0,1.0,1.0,0.0,0.0,52.0,0.0,0.0,92.0,0.0,60.0,454.0,0.0,775.0,29.0,394.0,89.0,17.0,1176.0,0.0,0.0,0.0,18.0,1.0,258.0,24.538,63.49,52.0,98.077,1.0,1.923,51.0,2.0,1.923,37.0,0.0,10.0,10.0,12.0,4.0,1.0,5.0,1408.0,86.486,1.0,2.703,32.0,0.0,10.0,10.0,11.0,1.0,0.0,1.0,1136.0,272.0,13.0,0.0,319.0,104.0,6603.0,61.0,50.0,73.0,17.0,147.0,76.923,80.0,0.0,0.0,13.0,51.0,4.0,23.529411,0.0,0.0,13.0,0.0,319.0,78.0,76.0,0.0,0.0,12.0,23.0,0.0,0.0,27.0,48.214287,0.0,0.0,29.0,0.0,0.0,1.0,417.0,0.0,0.0,17.0,24.538462,14.379311,17.52381,13.531,17.0,47.848,67.0,40.672,32.0,433.0,66.0,1.0,1.515,8.0,12.121,28.0,42.424,3158.0,17.0,7.576,5.0,2.0,32.0,51.0,0.0,27.0,27.0,2.0,26.0,483.0,28.412,55.0,2.0,1.0,1.0,1.0,0.0,359.0,180.0,35.0,21.118,144.0,14.0,57.143,8.0,12.0,31838.0,72.27,27.94,88.24,60.29,207.0,42.029,87.0,19.0,102.0,955.0,31.0,0.0,12.0
Bills,Buffalo,20.0,10.0,15.0,12.0,0.0,17.0,0.0,0.0,0.0,583.501,66.494,385.0,5796.0,3.109,18.0,81.0,0.0,4154.0,244.35294,6366.0,374.47058,579.0,49.0,199.0,8.0,5.0,5.009,29.0,4306.0,1969.0,2337.0,253.294,92.225,24.0,152.0,603.0,17.0,1115.0,451.0,26.529,54.0,6518.0,6518.0,2.0,3.0,4.0,383.41177,11.184,383.412,7.437,6.888888888888889,92.225,583.501,2832.0,42.0,0.0,6366.0,374.47058,512.0,9.0,158.0,9.0,2.0,22.0,2212.0,130.118,57.0,-112.0,17.0,1115.0,451.0,26.529,54.0,6518.0,6518.0,0.0,0.0,0.0,383.41177,383.412,4.32,583.501,7246.0,81.0,0.0,6366.0,374.47058,49.0,199.0,8.0,5.0,545.0,29.0,4306.0,1969.0,2337.0,253.294,385.0,17.0,1115.0,451.0,26.529,54.0,6518.0,6518.0,545.0,3.0,4.0,383.41177,383.412,11.184,351.0,8.222,6.185,8.75,0.0,1.0,2.0,0.0,1.0,50.0,0.0,0.0,79.0,0.0,54.0,334.0,0.0,773.0,32.0,280.0,86.0,17.0,1124.0,0.0,0.0,0.0,18.0,2.0,148.0,20.529,62.674,50.0,98.0,0.0,0.0,49.0,12.0,12.632,29.0,0.0,4.0,13.0,6.0,6.0,0.0,6.0,1127.0,82.759,1.0,3.448,24.0,0.0,4.0,12.0,4.0,4.0,0.0,4.0,898.0,229.0,17.0,1.0,349.0,95.0,5954.0,54.0,54.0,73.0,17.0,121.0,55.789,53.0,0.0,0.0,12.0,7.0,4.0,19.047619,0.0,0.0,17.0,0.0,349.0,41.0,96.0,0.0,0.0,10.0,0.0,0.0,0.0,25.0,44.642857,0.0,0.0,31.0,0.0,0.0,1.0,360.0,0.0,0.0,17.0,20.529411,11.612904,14.770833,12.474,17.0,45.765,70.0,41.118,19.0,237.0,51.0,0.0,0.0,12.0,23.529,24.0,47.059,2334.0,17.0,5.882,3.0,0.0,24.0,49.0,0.0,29.0,29.0,3.0,22.0,451.0,26.529,54.0,3.0,3.0,3.0,0.0,0.0,381.0,199.0,24.0,22.412,158.0,16.0,56.25,9.0,10.0,32671.0,72.97,23.08,86.15,63.08,219.0,49.772,109.0,28.0,106.0,883.0,30.0,0.0,2.0
Panthers,Carolina,24.0,10.0,5.0,3.0,0.0,17.0,0.0,0.0,0.0,437.439,59.727,350.0,3855.0,1.706,10.0,48.0,0.0,2741.0,161.23529,4510.0,265.29413,586.0,31.0,150.0,16.0,7.0,2.218,13.0,3245.0,1444.0,1801.0,190.882,75.216,65.0,504.0,651.0,17.0,1096.0,236.0,13.882,23.0,5014.0,5014.0,3.0,1.0,1.0,294.94116,9.271,294.941,5.538,4.210445468509985,75.216,437.439,1864.0,48.0,0.0,4510.0,265.29413,445.0,9.0,111.0,9.0,3.0,7.0,1769.0,104.059,49.0,-118.0,17.0,1096.0,236.0,13.882,23.0,5014.0,5014.0,0.0,2.0,2.0,294.94116,294.941,3.975,437.439,5450.0,48.0,0.0,4510.0,265.29413,31.0,150.0,16.0,7.0,534.0,13.0,3245.0,1444.0,1801.0,190.882,350.0,17.0,1096.0,236.0,13.882,23.0,5014.0,5014.0,534.0,1.0,1.0,294.94116,294.941,9.271,456.0,25.375,7.148,3.458,0.0,1.0,2.0,0.0,0.0,99.0,0.0,0.0,64.0,0.0,27.0,193.0,0.0,699.0,48.0,166.0,75.0,17.0,1155.0,0.0,0.0,0.0,8.0,2.0,203.0,26.542,59.887,20.0,85.0,0.0,0.0,17.0,0.0,0.0,30.0,0.0,6.0,7.0,9.0,8.0,0.0,8.0,1228.0,83.333,0.0,0.0,25.0,0.0,6.0,7.0,7.0,5.0,0.0,5.0,978.0,250.0,24.0,0.0,637.0,62.0,3713.0,59.0,56.0,69.0,17.0,92.0,59.677,37.0,0.0,0.0,3.0,5.0,0.0,0.0,0.0,0.0,24.0,0.0,637.0,52.0,79.0,0.0,0.0,10.0,65.0,0.0,0.0,20.0,35.08772,0.0,0.0,37.0,0.0,0.0,1.0,322.0,0.0,0.0,17.0,26.541666,8.7027025,15.721312,6.774,26.0,46.805,69.0,44.244,31.0,210.0,82.0,0.0,0.0,9.0,10.976,25.0,30.488,3838.0,17.0,6.098,5.0,0.0,25.0,17.0,0.0,13.0,13.0,3.0,7.0,236.0,13.882,23.0,3.0,1.0,1.0,2.0,0.0,297.0,150.0,36.0,17.471,111.0,48.0,47.917,23.0,10.0,31733.0,64.29,33.33,83.33,50.0,249.0,34.137,85.0,20.0,103.0,845.0,11.0,0.0,-9.0
Bears,Chicago,24.0,10.0,16.0,6.0,0.0,17.0,0.0,0.0,0.0,524.833,62.573,321.0,4301.0,2.924,15.0,58.0,0.0,3096.0,182.11765,5495.0,323.2353,513.0,48.0,169.0,14.0,8.0,3.704,19.0,3421.0,1721.0,1700.0,201.235,82.178,50.0,325.0,563.0,17.0,1097.0,360.0,21.176,37.0,5820.0,5820.0,4.0,0.0,3.0,342.35294,10.657,342.353,6.669,5.49911190053286,82.178,524.833,2809.0,39.0,0.0,5495.0,323.2353,534.0,13.0,137.0,13.0,1.0,16.0,2399.0,141.118,54.0,-130.0,17.0,1097.0,360.0,21.176,37.0,5820.0,5820.0,0.0,1.0,1.0,342.35294,342.353,4.493,524.833,5691.0,58.0,0.0,5495.0,323.2353,48.0,169.0,14.0,8.0,477.0,19.0,3421.0,1721.0,1700.0,201.235,321.0,17.0,1097.0,360.0,21.176,37.0,5820.0,5820.0,477.0,0.0,3.0,342.35294,342.353,10.657,397.0,11.136,6.733,4.095,0.0,0.0,2.0,0.0,2.0,45.0,0.0,0.0,83.0,0.0,30.0,202.0,0.0,736.0,42.0,172.0,72.0,17.0,1133.0,0.0,0.0,0.0,22.0,2.0,245.0,23.609,63.191,33.0,93.939,2.0,6.061,31.0,1.0,1.124,38.0,0.0,9.0,11.0,10.0,8.0,0.0,8.0,1479.0,92.105,0.0,0.0,35.0,0.0,9.0,11.0,8.0,7.0,0.0,7.0,1336.0,143.0,23.0,0.0,543.0,89.0,5624.0,55.0,55.0,70.0,17.0,136.0,79.775,71.0,0.0,0.0,6.0,0.0,2.0,8.0,0.0,0.0,23.0,0.0,543.0,37.0,31.0,0.0,0.0,10.0,79.0,0.0,0.0,21.0,47.727272,0.0,0.0,23.0,0.0,0.0,0.0,188.0,0.0,0.0,17.0,23.608696,8.173913,15.891304,12.7,13.0,46.09,76.0,40.403,30.0,381.0,67.0,0.0,0.0,11.0,16.418,18.0,26.866,3088.0,17.0,11.94,8.0,0.0,35.0,31.0,0.0,19.0,19.0,2.0,16.0,360.0,21.176,37.0,1.0,0.0,0.0,1.0,0.0,322.0,169.0,16.0,18.941,137.0,26.0,50.0,13.0,10.0,32602.0,69.1,32.65,87.76,55.1,238.0,41.176,98.0,25.0,99.0,853.0,28.0,0.0,3.0
Bengals,Cincinnati,10.0,2.0,11.0,9.0,0.0,17.0,0.0,0.0,0.0,543.287,68.293,420.0,5727.0,2.276,14.0,80.0,0.0,3895.0,229.11765,5422.0,318.94116,615.0,46.0,208.0,8.0,2.0,4.39,27.0,4257.0,2368.0,1889.0,250.412,92.986,50.0,362.0,665.0,17.0,1048.0,366.0,21.529,41.0,5784.0,5784.0,1.0,1.0,1.0,340.2353,10.136,340.235,6.922,5.857142857142857,92.986,543.287,1917.0,44.0,0.0,5422.0,318.94116,383.0,7.0,90.0,7.0,0.0,12.0,1527.0,89.824,50.0,-105.0,17.0,1048.0,366.0,21.529,41.0,5784.0,5784.0,0.0,0.0,0.0,340.2353,340.235,3.987,543.287,7302.0,80.0,0.0,5422.0,318.94116,46.0,208.0,8.0,2.0,592.0,27.0,4257.0,2368.0,1889.0,250.412,420.0,17.0,1048.0,366.0,21.529,41.0,5784.0,5784.0,592.0,1.0,1.0,340.2353,340.235,10.136,431.0,8.941,5.841,6.871,0.0,1.0,1.0,0.0,0.0,30.0,0.0,0.0,74.0,0.0,44.0,257.0,0.0,741.0,31.0,213.0,75.0,17.0,1172.0,0.0,0.0,0.0,17.0,1.0,152.0,22.765,62.951,40.0,100.0,0.0,0.0,40.0,5.0,6.098,31.0,0.0,5.0,6.0,8.0,12.0,0.0,12.0,1319.0,83.871,0.0,0.0,26.0,0.0,5.0,6.0,8.0,7.0,0.0,7.0,1052.0,267.0,17.0,0.0,387.0,82.0,5162.0,57.0,56.0,67.0,17.0,118.0,76.829,63.0,0.0,0.0,9.0,28.0,0.0,0.0,0.0,0.0,17.0,0.0,387.0,46.0,81.0,0.0,0.0,2.0,0.0,0.0,0.0,16.0,32.0,0.0,0.0,34.0,0.0,0.0,1.0,346.0,0.0,0.0,17.0,22.764706,10.176471,14.372549,7.0,26.0,44.329,62.0,41.658,29.0,203.0,76.0,0.0,0.0,8.0,10.526,20.0,26.316,3369.0,17.0,6.579,5.0,0.0,26.0,40.0,0.0,27.0,27.0,2.0,12.0,366.0,21.529,41.0,1.0,1.0,1.0,0.0,0.0,329.0,208.0,31.0,19.353,90.0,20.0,45.0,9.0,2.0,31562.0,68.68,21.15,80.77,59.62,218.0,37.615,82.0,16.0,76.0,614.0,26.0,0.0,10.0
Browns,Cleveland,27.0,14.0,16.0,10.0,1.0,17.0,0.0,0.0,1.0,500.0,56.891,355.0,5001.0,3.686,23.0,75.0,0.0,3693.0,217.23529,5710.0,335.88235,624.0,53.0,173.0,15.0,8.0,3.846,24.0,4011.0,1853.0,2158.0,235.941,73.738,45.0,318.0,669.0,17.0,1187.0,396.0,23.294,42.0,6028.0,6028.0,1.0,1.0,2.0,354.58823,11.299,354.588,6.428,5.520179372197309,73.738,500.0,2332.0,69.0,0.0,5710.0,335.88235,518.0,9.0,121.0,9.0,3.0,15.0,2017.0,118.647,74.0,-175.0,17.0,1187.0,396.0,23.294,42.0,6028.0,6028.0,0.0,5.0,7.0,354.58823,354.588,3.894,500.0,6626.0,75.0,0.0,5710.0,335.88235,53.0,173.0,15.0,8.0,597.0,24.0,4011.0,1853.0,2158.0,235.941,355.0,17.0,1187.0,396.0,23.294,42.0,6028.0,6028.0,597.0,1.0,2.0,354.58823,354.588,11.299,328.0,7.5,7.122,4.688,0.0,0.0,3.0,0.0,3.0,34.0,0.0,0.0,92.0,0.0,49.0,349.0,0.0,780.0,64.0,300.0,113.0,17.0,1108.0,0.0,0.0,0.0,18.0,2.0,135.0,23.727,63.087,33.0,90.909,0.0,0.0,30.0,8.0,8.696,37.0,0.0,8.0,8.0,13.0,8.0,0.0,8.0,1477.0,91.892,0.0,0.0,34.0,0.0,8.0,8.0,10.0,8.0,0.0,8.0,1339.0,138.0,11.0,1.0,261.0,92.0,5804.0,58.0,58.0,69.0,17.0,132.0,58.696,54.0,0.0,0.0,10.0,15.0,2.0,15.384616,0.0,0.0,11.0,0.0,261.0,36.0,21.0,0.0,0.0,14.0,37.0,0.0,0.0,36.0,46.753246,0.0,0.0,41.0,0.0,0.0,0.0,343.0,0.0,0.0,17.0,23.727272,8.365853,11.615385,10.0,16.0,49.433,73.0,44.433,45.0,450.0,90.0,0.0,0.0,8.0,8.889,31.0,34.444,4449.0,17.0,10.0,9.0,0.0,34.0,30.0,0.0,24.0,24.0,3.0,15.0,396.0,23.294,42.0,6.0,1.0,1.0,5.0,0.0,325.0,173.0,31.0,19.118,121.0,32.0,56.25,18.0,14.0,32957.0,67.71,32.0,86.0,54.0,253.0,31.621,80.0,37.0,115.0,897.0,28.0,0.0,-9.0
Cowboys,Dallas,13.0,6.0,14.0,9.0,1.0,17.0,0.0,0.0,1.0,583.826,69.707,428.0,6880.0,1.629,10.0,92.0,0.0,4397.0,258.64706,6317.0,371.58823,614.0,64.0,229.0,8.0,3.0,5.863,36.0,4660.0,2043.0,2617.0,274.118,104.553,40.0,263.0,654.0,17.0,1122.0,509.0,29.941,57.0,6580.0,6580.0,1.0,3.0,3.0,387.05884,10.888,387.059,7.59,6.723241590214068,104.553,583.826,2320.0,46.0,0.0,6317.0,371.58823,468.0,12.0,113.0,12.0,1.0,14.0,1920.0,112.941,58.0,-112.0,17.0,1122.0,509.0,29.941,57.0,6580.0,6580.0,1.0,1.0,2.0,387.05884,387.059,4.103,583.826,8060.0,92.0,0.0,6317.0,371.58823,64.0,229.0,8.0,3.0,605.0,36.0,4660.0,2043.0,2617.0,274.118,428.0,17.0,1122.0,509.0,29.941,57.0,6580.0,6580.0,605.0,3.0,3.0,387.05884,387.059,10.888,401.0,14.647,6.435,6.757,1.0,0.0,6.0,0.0,3.0,64.0,1.0,0.0,74.0,0.0,46.0,296.0,1.0,696.0,37.0,250.0,83.0,17.0,1097.0,0.0,0.0,0.0,17.0,5.0,249.0,21.833,64.486,52.0,94.231,0.0,0.0,49.0,1.0,0.917,38.0,0.0,9.0,15.0,4.0,9.0,1.0,10.0,1438.0,94.737,1.0,2.632,36.0,0.0,9.0,13.0,4.0,9.0,1.0,10.0,1370.0,68.0,18.0,0.0,393.0,109.0,7029.0,60.0,60.0,70.0,17.0,157.0,90.826,99.0,0.0,0.0,9.0,8.0,0.0,0.0,0.0,0.0,18.0,0.0,393.0,63.0,15.0,0.0,0.0,5.0,42.0,0.0,0.0,23.0,56.09756,0.0,0.0,18.0,0.0,0.0,0.0,98.0,0.0,0.0,17.0,21.833334,5.4444447,13.638889,10.292,13.0,51.409,63.0,45.795,24.0,247.0,44.0,0.0,0.0,6.0,13.636,17.0,38.636,2262.0,17.0,4.545,2.0,2.0,36.0,49.0,0.0,36.0,36.0,7.0,14.0,509.0,29.941,57.0,4.0,3.0,3.0,1.0,0.0,385.0,229.0,43.0,22.647,113.0,23.0,56.522,13.0,6.0,32433.0,68.41,28.17,84.51,56.34,230.0,48.261,111.0,16.0,115.0,964.0,26.0,0.0,10.0
Broncos,Denver,20.0,13.0,21.0,15.0,1.0,17.0,0.0,0.0,1.0,526.141,65.692,337.0,5256.0,1.754,9.0,60.0,0.0,3262.0,191.88235,5072.0,298.35294,513.0,44.0,154.0,14.0,9.0,5.458,28.0,3566.0,2069.0,1497.0,209.765,96.674,52.0,304.0,565.0,17.0,1016.0,357.0,21.0,38.0,5376.0,5376.0,6.0,2.0,3.0,316.2353,10.582,316.235,6.951,5.773451327433628,96.674,526.141,1895.0,38.0,0.0,5072.0,298.35294,451.0,9.0,116.0,9.0,1.0,8.0,1810.0,106.471,56.0,-110.0,17.0,1016.0,357.0,21.0,38.0,5376.0,5376.0,0.0,2.0,4.0,316.2353,316.235,4.013,526.141,6231.0,60.0,0.0,5072.0,298.35294,44.0,154.0,14.0,9.0,477.0,28.0,3566.0,2067.0,1499.0,209.765,337.0,17.0,1016.0,357.0,21.0,38.0,5376.0,5376.0,477.0,2.0,3.0,316.2353,316.235,10.582,420.0,7.727,7.857,9.931,0.0,0.0,1.0,0.0,1.0,33.0,0.0,0.0,62.0,0.0,42.0,330.0,0.0,759.0,29.0,288.0,71.0,17.0,1179.0,0.0,0.0,0.0,11.0,0.0,85.0,24.875,63.293,31.0,93.548,0.0,0.0,29.0,0.0,0.0,34.0,0.0,11.0,13.0,5.0,5.0,0.0,5.0,1189.0,88.235,1.0,2.941,30.0,0.0,11.0,12.0,4.0,3.0,0.0,3.0,991.0,198.0,16.0,0.0,398.0,82.0,5190.0,57.0,52.0,69.0,17.0,119.0,86.585,71.0,0.0,0.0,15.0,60.0,2.0,11.111112,0.0,0.0,16.0,1.0,398.0,99.0,52.0,0.0,0.0,13.0,108.0,0.0,0.0,15.0,42.857143,0.0,0.0,20.0,0.0,0.0,0.0,326.0,0.0,0.0,17.0,24.875,16.3,20.11111,6.29,27.0,46.316,68.0,43.848,31.0,195.0,79.0,0.0,0.0,9.0,11.392,27.0,34.177,3659.0,17.0,7.595,6.0,2.0,30.0,29.0,0.0,28.0,28.0,2.0,8.0,357.0,21.0,38.0,4.0,2.0,2.0,2.0,0.0,301.0,154.0,31.0,17.706,116.0,20.0,65.0,13.0,13.0,30104.0,65.27,39.66,87.93,48.28,220.0,36.818,81.0,22.0,99.0,749.0,26.0,0.0,4.0
Lions,Detroit,18.0,11.0,15.0,7.0,0.0,17.0,0.0,0.0,0.0,606.872,67.327,408.0,6346.0,1.98,12.0,70.0,0.0,4401.0,258.88235,6712.0,394.82352,606.0,70.0,228.0,8.0,5.0,4.95,30.0,4606.0,2156.0,2450.0,270.941,98.11,31.0,205.0,637.0,17.0,1137.0,461.0,27.118,58.0,6917.0,6917.0,3.0,2.0,5.0,406.88235,11.289,406.882,7.601,6.9089481946624804,98.11,606.872,3091.0,75.0,0.0,6712.0,394.82352,500.0,15.0,124.0,15.0,4.0,27.0,2311.0,135.941,56.0,-98.0,17.0,1137.0,461.0,27.118,58.0,6917.0,6917.0,0.0,1.0,1.0,406.88235,406.882,4.622,606.872,7696.0,70.0,0.0,6712.0,394.82352,70.0,228.0,8.0,5.0,574.0,30.0,4606.0,2156.0,2450.0,270.941,408.0,17.0,1137.0,461.0,27.118,58.0,6917.0,6917.0,574.0,2.0,5.0,406.88235,406.882,11.289,373.0,13.063,8.707,7.9,0.0,0.0,1.0,0.0,1.0,50.0,0.0,0.0,79.0,0.0,41.0,357.0,0.0,736.0,40.0,316.0,81.0,17.0,1109.0,0.0,0.0,0.0,16.0,1.0,209.0,22.158,62.559,52.0,92.308,1.0,1.923,48.0,3.0,3.226,21.0,0.0,3.0,13.0,3.0,2.0,0.0,2.0,752.0,90.476,0.0,0.0,19.0,0.0,2.0,13.0,3.0,1.0,0.0,1.0,674.0,78.0,19.0,0.0,421.0,93.0,5818.0,52.0,52.0,71.0,17.0,105.0,64.516,60.0,0.0,0.0,6.0,36.0,2.0,9.523809,0.0,0.0,19.0,0.0,421.0,31.0,42.0,0.0,0.0,11.0,36.0,0.0,0.0,23.0,44.230766,0.0,0.0,29.0,0.0,0.0,0.0,331.0,0.0,0.0,17.0,22.157894,11.413794,15.666667,8.0,20.0,46.421,70.0,43.474,21.0,168.0,57.0,0.0,0.0,8.0,14.035,26.0,45.614,2646.0,17.0,8.772,5.0,2.0,19.0,48.0,0.0,30.0,30.0,1.0,27.0,461.0,27.118,58.0,3.0,2.0,2.0,1.0,0.0,375.0,228.0,23.0,22.059,124.0,40.0,52.5,21.0,11.0,31991.0,72.77,20.31,84.38,64.06,224.0,41.518,93.0,23.0,97.0,843.0,23.0,0.0,0.0
Packers,Green Bay,23.0,7.0,10.0,11.0,1.0,17.0,0.0,0.0,1.0,574.658,64.372,374.0,6120.0,1.893,11.0,77.0,0.0,3968.0,233.41176,5873.0,345.47058,581.0,56.0,211.0,10.0,2.0,5.508,32.0,4210.0,1926.0,2284.0,247.647,96.391,30.0,242.0,611.0,17.0,1052.0,383.0,22.529,44.0,6115.0,6115.0,2.0,2.0,3.0,359.70587,11.257,359.706,7.246,6.494271685761047,96.391,574.658,2150.0,40.0,0.0,5873.0,345.47058,441.0,13.0,101.0,13.0,3.0,10.0,1905.0,112.059,46.0,-99.0,17.0,1052.0,383.0,22.529,44.0,6115.0,6115.0,0.0,0.0,2.0,359.70587,359.706,4.32,574.658,7200.0,77.0,0.0,5873.0,345.47058,56.0,211.0,10.0,2.0,561.0,32.0,4210.0,1925.0,2285.0,247.647,374.0,17.0,1052.0,383.0,22.529,44.0,6115.0,6115.0,561.0,2.0,2.0,359.70587,359.706,11.257,441.0,9.714,6.4,7.839,0.0,0.0,2.0,0.0,2.0,37.0,0.0,0.0,68.0,0.0,45.0,288.0,0.0,804.0,31.0,243.0,76.0,17.0,1245.0,0.0,0.0,0.0,7.0,1.0,68.0,25.258,63.151,39.0,87.179,1.0,2.564,34.0,7.0,8.14,33.0,0.0,6.0,14.0,8.0,4.0,1.0,5.0,1261.0,81.818,0.0,0.0,27.0,0.0,6.0,14.0,4.0,3.0,0.0,3.0,969.0,292.0,31.0,0.0,783.0,86.0,5431.0,63.0,53.0,69.0,17.0,115.0,43.023,37.0,0.0,0.0,11.0,80.0,0.0,0.0,0.0,0.0,31.0,0.0,783.0,51.0,35.0,0.0,0.0,7.0,10.0,0.0,0.0,15.0,36.585365,0.0,0.0,26.0,0.0,0.0,0.0,189.0,0.0,0.0,17.0,25.258064,7.269231,17.052631,11.739,22.0,46.211,68.0,41.474,23.0,270.0,57.0,0.0,0.0,6.0,10.526,18.0,31.579,2634.0,17.0,8.772,5.0,0.0,27.0,34.0,0.0,32.0,32.0,2.0,10.0,383.0,22.529,44.0,2.0,2.0,2.0,0.0,0.0,338.0,211.0,26.0,19.882,101.0,24.0,50.0,12.0,7.0,30311.0,64.29,29.69,81.25,51.56,223.0,47.085,105.0,18.0,105.0,856.0,18.0,0.0,0.0
Texans,Houston,17.0,6.0,17.0,10.0,1.0,17.0,0.0,0.0,1.0,561.776,62.838,372.0,6228.0,1.351,8.0,75.0,0.0,4173.0,245.47058,5820.0,342.35294,592.0,69.0,215.0,9.0,5.0,4.561,27.0,4578.0,1976.0,2602.0,269.294,96.243,47.0,405.0,639.0,17.0,1083.0,377.0,22.176,40.0,6225.0,6225.0,2.0,1.0,5.0,366.17648,12.306,366.176,7.733,6.530516431924883,96.243,561.776,1907.0,24.0,0.0,5820.0,342.35294,444.0,4.0,84.0,4.0,0.0,10.0,1647.0,96.882,47.0,-124.0,17.0,1083.0,377.0,22.176,40.0,6225.0,6225.0,0.0,1.0,2.0,366.17648,366.176,3.709,561.776,7383.0,75.0,0.0,5820.0,342.35294,69.0,215.0,9.0,5.0,566.0,27.0,4578.0,1976.0,2602.0,269.294,372.0,17.0,1083.0,377.0,22.176,40.0,6225.0,6225.0,566.0,1.0,5.0,366.17648,366.176,12.306,477.0,4.5,7.717,5.237,0.0,0.0,1.0,0.0,1.0,33.0,0.0,0.0,70.0,0.0,46.0,355.0,0.0,793.0,59.0,309.0,105.0,17.0,1270.0,0.0,0.0,0.0,14.0,0.0,63.0,26.652,62.31,33.0,93.939,0.0,0.0,31.0,3.0,3.448,38.0,0.0,13.0,13.0,4.0,8.0,0.0,8.0,1419.0,89.474,0.0,0.0,34.0,0.0,13.0,13.0,3.0,5.0,0.0,5.0,1212.0,207.0,23.0,0.0,613.0,87.0,5421.0,58.0,54.0,69.0,17.0,133.0,64.368,56.0,0.0,0.0,10.0,37.0,1.0,4.166667,0.0,0.0,23.0,2.0,613.0,98.0,22.0,0.0,0.0,6.0,5.0,0.0,0.0,24.0,44.444447,0.0,0.0,30.0,0.0,0.0,0.0,292.0,0.0,0.0,17.0,26.652174,9.733334,17.075472,6.621,30.0,46.688,74.0,44.288,29.0,192.0,80.0,0.0,0.0,8.0,10.0,32.0,40.0,3735.0,17.0,6.25,5.0,0.0,34.0,31.0,0.0,27.0,27.0,3.0,10.0,377.0,22.176,40.0,2.0,1.0,1.0,1.0,0.0,329.0,215.0,30.0,19.353,84.0,21.0,38.095,8.0,6.0,30358.0,70.08,35.85,90.57,54.72,232.0,37.931,88.0,14.0,114.0,937.0,24.0,0.0,10.0
Colts,Indianapolis,21.0,12.0,17.0,9.0,1.0,17.0,0.0,0.0,1.0,543.685,61.847,355.0,4842.0,1.742,10.0,75.0,0.0,3666.0,215.64706,5725.0,336.7647,574.0,45.0,178.0,10.0,6.0,3.136,18.0,3882.0,1863.0,2019.0,228.353,84.997,41.0,216.0,615.0,17.0,1094.0,396.0,23.294,42.0,5941.0,5941.0,2.0,4.0,5.0,349.47058,10.935,349.471,6.763,5.9609756097560975,84.997,543.685,2544.0,56.0,0.0,5725.0,336.7647,479.0,14.0,113.0,14.0,2.0,19.0,2059.0,121.118,46.0,-76.0,17.0,1094.0,396.0,23.294,42.0,5941.0,5941.0,0.0,0.0,0.0,349.47058,349.471,4.299,543.685,6287.0,75.0,0.0,5725.0,336.7647,45.0,178.0,10.0,6.0,546.0,18.0,3882.0,1863.0,2019.0,228.353,355.0,17.0,1094.0,396.0,23.294,42.0,5941.0,5941.0,546.0,4.0,5.0,349.47058,349.471,10.935,426.0,17.067,6.176,6.14,0.0,1.0,4.0,0.0,1.0,115.0,1.0,0.0,69.0,0.0,51.0,315.0,1.0,856.0,43.0,264.0,94.0,17.0,1282.0,0.0,0.0,0.0,15.0,3.0,256.0,22.222,64.086,36.0,97.222,0.0,0.0,35.0,6.0,6.452,41.0,0.0,9.0,10.0,9.0,12.0,1.0,13.0,1693.0,80.488,1.0,2.439,33.0,0.0,9.0,9.0,7.0,8.0,0.0,8.0,1277.0,416.0,9.0,0.0,200.0,93.0,5960.0,60.0,57.0,69.0,17.0,134.0,77.419,72.0,0.0,0.0,9.0,34.0,8.0,47.058823,0.0,0.0,9.0,0.0,200.0,42.0,32.0,0.0,0.0,12.0,1.0,0.0,0.0,22.0,43.137257,0.0,0.0,29.0,0.0,0.0,0.0,267.0,0.0,0.0,17.0,22.222221,9.206897,12.289474,9.474,13.0,48.25,69.0,42.333,38.0,360.0,68.0,1.0,1.471,6.0,8.824,21.0,30.882,3281.0,17.0,0.0,0.0,2.0,33.0,35.0,0.0,18.0,18.0,5.0,19.0,396.0,23.294,42.0,4.0,4.0,4.0,0.0,0.0,324.0,178.0,33.0,19.059,113.0,32.0,50.0,16.0,12.0,30059.0,62.66,31.58,80.7,49.12,232.0,35.345,82.0,22.0,95.0,685.0,24.0,0.0,2.0
Jaguars,Jacksonville,28.0,16.0,13.0,11.0,0.0,17.0,0.0,0.0,0.0,537.931,66.452,412.0,5497.0,2.258,14.0,65.0,0.0,4126.0,242.70589,5772.0,339.52942,620.0,51.0,199.0,17.0,12.0,3.548,22.0,4377.0,1931.0,2446.0,257.471,89.295,41.0,251.0,661.0,17.0,1114.0,377.0,22.176,41.0,6023.0,6023.0,4.0,1.0,4.0,354.29413,10.624,354.294,7.06,6.242057488653555,89.295,537.931,2001.0,62.0,0.0,5772.0,339.52942,453.0,9.0,98.0,9.0,2.0,17.0,1646.0,96.824,67.0,-138.0,17.0,1114.0,377.0,22.176,41.0,6023.0,6023.0,0.0,2.0,2.0,354.29413,354.294,3.634,537.931,7207.0,65.0,0.0,5772.0,339.52942,51.0,199.0,17.0,12.0,607.0,22.0,4377.0,1939.0,2438.0,257.471,412.0,17.0,1114.0,377.0,22.176,41.0,6023.0,6023.0,607.0,1.0,3.0,354.29413,354.294,10.624,376.0,16.5,6.975,7.242,0.0,0.0,2.0,0.0,0.0,61.0,0.0,0.0,84.0,0.0,40.0,279.0,0.0,755.0,33.0,239.0,73.0,17.0,1131.0,0.0,0.0,0.0,16.0,2.0,264.0,23.724,63.035,35.0,100.0,0.0,0.0,35.0,5.0,5.814,37.0,0.0,4.0,10.0,13.0,10.0,0.0,10.0,1554.0,81.081,1.0,2.703,30.0,0.0,4.0,10.0,11.0,5.0,0.0,5.0,1195.0,359.0,29.0,1.0,688.0,86.0,5421.0,56.0,56.0,69.0,17.0,125.0,75.581,65.0,0.0,0.0,11.0,13.0,0.0,0.0,0.0,0.0,29.0,0.0,688.0,53.0,48.0,0.0,0.0,16.0,75.0,0.0,0.0,17.0,36.95652,0.0,0.0,29.0,0.0,0.0,0.0,297.0,0.0,0.0,17.0,23.724138,10.24138,16.98276,6.5,22.0,47.426,65.0,45.082,22.0,143.0,61.0,0.0,0.0,11.0,18.033,29.0,47.541,2893.0,17.0,6.557,4.0,0.0,30.0,35.0,0.0,22.0,22.0,2.0,17.0,377.0,22.176,41.0,3.0,1.0,1.0,2.0,0.0,336.0,199.0,39.0,19.765,98.0,29.0,44.828,13.0,16.0,31533.0,59.89,23.08,73.08,50.0,228.0,38.158,87.0,30.0,83.0,644.0,27.0,0.0,-3.0
Chiefs,Kansas City,20.0,11.0,16.0,9.0,2.0,17.0,0.0,0.0,2.0,567.681,66.299,421.0,5833.0,2.677,17.0,67.0,0.0,4188.0,246.35294,5972.0,351.29413,635.0,52.0,216.0,11.0,8.0,4.409,28.0,4383.0,2672.0,1711.0,257.824,89.633,28.0,195.0,663.0,17.0,1080.0,371.0,21.824,39.0,6167.0,6167.0,1.0,0.0,0.0,362.7647,10.411,362.765,6.902,6.316742081447964,89.633,567.681,1934.0,48.0,0.0,5972.0,351.29413,417.0,10.0,107.0,10.0,0.0,9.0,1784.0,104.941,54.0,-95.0,17.0,1080.0,371.0,21.824,39.0,6167.0,6167.0,0.0,0.0,1.0,362.7647,362.765,4.278,567.681,7468.0,67.0,0.0,5972.0,351.29413,52.0,216.0,11.0,8.0,599.0,28.0,4383.0,2679.0,1704.0,257.824,421.0,17.0,1080.0,371.0,21.824,39.0,6167.0,6167.0,599.0,0.0,0.0,362.7647,362.765,10.411,317.0,8.625,6.158,9.8,0.0,0.0,2.0,0.0,1.0,24.0,0.0,0.0,72.0,0.0,57.0,351.0,0.0,760.0,30.0,294.0,87.0,17.0,1077.0,0.0,0.0,0.0,8.0,0.0,69.0,20.083,65.471,38.0,100.0,0.0,0.0,38.0,0.0,0.0,35.0,0.0,8.0,15.0,7.0,4.0,1.0,5.0,1322.0,94.286,0.0,0.0,33.0,0.0,8.0,13.0,7.0,4.0,1.0,5.0,1247.0,75.0,12.0,0.0,241.0,85.0,5565.0,60.0,60.0,80.0,17.0,137.0,87.059,74.0,0.0,0.0,9.0,161.0,6.0,33.333336,0.0,0.0,12.0,0.0,241.0,31.0,50.0,0.0,0.0,11.0,15.0,0.0,0.0,17.0,29.310345,0.0,0.0,41.0,0.0,0.0,0.0,380.0,0.0,0.0,17.0,20.083334,9.268292,11.716981,10.35,20.0,47.051,68.0,43.542,20.0,207.0,59.0,0.0,0.0,10.0,16.949,20.0,33.898,2776.0,17.0,8.475,5.0,0.0,33.0,38.0,0.0,28.0,28.0,2.0,9.0,371.0,21.824,39.0,0.0,0.0,0.0,0.0,0.0,350.0,216.0,27.0,20.588,107.0,20.0,50.0,10.0,11.0,31083.0,66.04,27.87,81.97,54.1,220.0,43.636,96.0,28.0,96.0,845.0,17.0,0.0,-11.0
Raiders,Las Vegas,14.0,6.0,15.0,9.0,2.0,17.0,0.0,0.0,2.0,507.423,62.478,348.0,4526.0,3.232,18.0,50.0,0.0,3380.0,198.82353,4922.0,289.52942,557.0,35.0,182.0,6.0,4.0,3.591,20.0,3666.0,1604.0,2062.0,215.647,80.077,40.0,286.0,597.0,17.0,1010.0,332.0,19.529,36.0,5208.0,5208.0,2.0,1.0,2.0,306.35294,10.534,306.353,6.582,5.661641541038526,80.077,507.423,1837.0,63.0,0.0,4922.0,289.52942,413.0,7.0,83.0,7.0,2.0,11.0,1542.0,90.706,51.0,-97.0,17.0,1010.0,332.0,19.529,36.0,5208.0,5208.0,0.0,1.0,2.0,306.35294,306.353,3.734,507.423,6106.0,50.0,0.0,4922.0,289.52942,35.0,182.0,6.0,4.0,531.0,20.0,3666.0,1611.0,2055.0,215.647,348.0,17.0,1010.0,332.0,19.529,36.0,5208.0,5208.0,531.0,1.0,2.0,306.35294,306.353,10.534,443.0,20.615,6.304,6.778,0.0,0.0,5.0,0.0,1.0,75.0,0.0,0.0,56.0,0.0,46.0,290.0,0.0,812.0,36.0,244.0,82.0,17.0,1255.0,0.0,0.0,0.0,13.0,3.0,268.0,23.818,63.808,32.0,100.0,0.0,0.0,32.0,1.0,1.282,30.0,0.0,10.0,7.0,10.0,3.0,0.0,3.0,1065.0,86.667,1.0,3.333,26.0,0.0,10.0,6.0,9.0,1.0,0.0,1.0,889.0,176.0,11.0,0.0,262.0,78.0,4977.0,54.0,54.0,81.0,17.0,110.0,61.538,48.0,0.0,0.0,9.0,52.0,1.0,8.333334,0.0,0.0,11.0,0.0,262.0,40.0,32.0,0.0,0.0,6.0,6.0,0.0,0.0,18.0,41.860466,0.0,0.0,25.0,0.0,0.0,0.0,249.0,0.0,0.0,17.0,23.818182,9.96,14.194445,9.129,20.0,50.44,83.0,46.667,31.0,283.0,75.0,0.0,0.0,10.0,13.333,34.0,45.333,3783.0,17.0,8.0,6.0,0.0,26.0,32.0,0.0,20.0,20.0,5.0,11.0,332.0,19.529,36.0,2.0,1.0,1.0,1.0,0.0,292.0,182.0,27.0,17.176,83.0,23.0,60.87,14.0,6.0,29139.0,63.53,34.04,82.98,48.94,216.0,35.648,77.0,24.0,75.0,629.0,22.0,0.0,-2.0
Chargers,Los Angeles,25.0,13.0,17.0,12.0,0.0,17.0,0.0,0.0,0.0,526.717,64.715,409.0,5752.0,1.266,8.0,79.0,0.0,3957.0,232.76471,5599.0,329.35294,632.0,55.0,204.0,16.0,9.0,3.797,24.0,4312.0,2138.0,2174.0,253.647,91.823,43.0,355.0,675.0,17.0,1106.0,346.0,20.353,36.0,5954.0,5954.0,1.0,1.0,1.0,350.2353,10.543,350.235,6.823,5.862222222222222,91.823,526.717,1832.0,55.0,0.0,5599.0,329.35294,431.0,9.0,89.0,9.0,3.0,11.0,1642.0,96.588,45.0,-105.0,17.0,1106.0,346.0,20.353,36.0,5954.0,5954.0,0.0,0.0,0.0,350.2353,350.235,3.81,526.717,7197.0,79.0,0.0,5599.0,329.35294,55.0,204.0,16.0,9.0,614.0,24.0,4312.0,2171.0,2141.0,253.647,409.0,17.0,1106.0,346.0,20.353,36.0,5954.0,5954.0,614.0,1.0,1.0,350.2353,350.235,10.543,364.0,3.444,6.958,8.412,0.0,1.0,0.0,0.0,0.0,9.0,0.0,0.0,83.0,0.0,48.0,334.0,0.0,796.0,34.0,286.0,82.0,17.0,1160.0,0.0,0.0,0.0,9.0,0.0,31.0,21.667,63.802,35.0,100.0,0.0,0.0,35.0,1.0,1.235,33.0,0.0,7.0,8.0,9.0,9.0,0.0,9.0,1324.0,93.939,1.0,3.03,31.0,0.0,7.0,8.0,9.0,7.0,0.0,7.0,1221.0,103.0,18.0,0.0,390.0,81.0,5168.0,55.0,55.0,69.0,17.0,128.0,83.951,68.0,0.0,0.0,12.0,52.0,2.0,10.0,0.0,0.0,18.0,0.0,390.0,46.0,87.0,0.0,0.0,13.0,151.0,0.0,0.0,29.0,54.71698,0.0,0.0,24.0,0.0,0.0,1.0,385.0,0.0,0.0,17.0,21.666666,16.041666,18.452381,7.893,31.0,46.333,83.0,43.387,28.0,221.0,75.0,0.0,0.0,7.0,9.333,30.0,40.0,3475.0,17.0,5.333,4.0,0.0,31.0,35.0,0.0,24.0,24.0,1.0,11.0,346.0,20.353,36.0,1.0,1.0,1.0,0.0,0.0,319.0,204.0,26.0,18.765,89.0,32.0,46.875,15.0,13.0,29523.0,67.48,23.4,80.85,57.45,237.0,38.397,91.0,21.0,79.0,725.0,21.0,0.0,0.0
Rams,Los Angeles,11.0,5.0,7.0,5.0,0.0,17.0,0.0,0.0,0.0,576.226,61.921,361.0,5730.0,2.23,13.0,80.0,0.0,4063.0,239.0,6108.0,359.29413,583.0,64.0,206.0,5.0,3.0,4.46,26.0,4300.0,2040.0,2260.0,252.941,89.993,34.0,237.0,617.0,17.0,1094.0,404.0,23.765,44.0,6345.0,6345.0,1.0,3.0,5.0,373.2353,11.911,373.235,7.376,6.585089141004862,89.993,576.226,2600.0,56.0,0.0,6108.0,359.29413,477.0,11.0,110.0,11.0,2.0,18.0,2045.0,120.294,45.0,-98.0,17.0,1094.0,404.0,23.765,44.0,6345.0,6345.0,0.0,1.0,1.0,373.2353,373.235,4.287,576.226,7015.0,80.0,0.0,6108.0,359.29413,64.0,206.0,5.0,3.0,555.0,26.0,4300.0,2047.0,2253.0,252.941,361.0,17.0,1094.0,404.0,23.765,44.0,6345.0,6345.0,555.0,3.0,4.0,373.2353,373.235,11.911,453.0,10.0,6.512,6.647,0.0,0.0,0.0,0.0,1.0,42.0,0.0,0.0,76.0,0.0,41.0,267.0,0.0,711.0,34.0,226.0,75.0,17.0,1164.0,0.0,0.0,0.0,10.0,0.0,100.0,16.111,63.75,37.0,86.486,0.0,0.0,32.0,0.0,0.0,43.0,0.0,11.0,7.0,15.0,10.0,0.0,10.0,1709.0,74.419,1.0,2.326,32.0,0.0,11.0,7.0,9.0,5.0,0.0,5.0,1166.0,543.0,9.0,0.0,145.0,92.0,5865.0,57.0,54.0,74.0,17.0,128.0,86.957,80.0,0.0,0.0,5.0,9.0,18.0,66.66667,0.0,0.0,9.0,0.0,145.0,36.0,29.0,0.0,0.0,5.0,5.0,0.0,0.0,24.0,46.153847,0.0,0.0,28.0,0.0,0.0,0.0,204.0,0.0,0.0,17.0,16.11111,7.285714,9.432432,15.469,12.0,49.222,72.0,40.719,32.0,495.0,63.0,1.0,1.587,6.0,9.524,20.0,31.746,3101.0,17.0,11.111,7.0,4.0,32.0,32.0,0.0,26.0,26.0,0.0,18.0,404.0,23.765,44.0,4.0,3.0,3.0,1.0,0.0,351.0,206.0,35.0,20.647,110.0,21.0,61.905,13.0,5.0,31417.0,76.1,29.09,92.73,63.64,226.0,42.035,95.0,18.0,89.0,720.0,15.0,0.0,-3.0
Dolphins,Miami,24.0,10.0,15.0,12.0,0.0,17.0,0.0,0.0,0.0,667.515,69.435,393.0,6348.0,2.65,15.0,78.0,0.0,4514.0,265.52942,6822.0,401.29413,566.0,59.0,223.0,5.0,3.0,5.3,30.0,4698.0,2228.0,2470.0,276.353,101.154,31.0,184.0,597.0,17.0,1053.0,496.0,29.176,61.0,7006.0,7006.0,1.0,0.0,2.0,412.11765,11.954,412.118,8.3,7.561139028475712,101.154,667.515,3103.0,76.0,0.0,6822.0,401.29413,456.0,17.0,113.0,17.0,4.0,27.0,2308.0,135.765,61.0,-140.0,17.0,1053.0,496.0,29.176,61.0,7006.0,7006.0,0.0,0.0,0.0,412.11765,412.118,5.061,667.515,7713.0,78.0,0.0,6822.0,401.29413,59.0,223.0,5.0,3.0,549.0,30.0,4698.0,2227.0,2471.0,276.353,393.0,17.0,1053.0,496.0,29.176,61.0,7006.0,7006.0,549.0,0.0,2.0,412.11765,412.118,11.954,391.0,18.0,6.625,13.696,0.0,0.0,4.0,0.0,0.0,99.0,0.0,0.0,81.0,0.0,56.0,371.0,0.0,750.0,23.0,315.0,79.0,17.0,1141.0,0.0,0.0,0.0,15.0,4.0,270.0,24.5,64.571,59.0,98.305,0.0,0.0,58.0,0.0,0.0,28.0,0.0,6.0,7.0,8.0,7.0,0.0,7.0,1115.0,85.714,2.0,7.143,24.0,0.0,6.0,7.0,6.0,5.0,0.0,5.0,917.0,198.0,18.0,1.0,441.0,98.0,6328.0,57.0,57.0,76.0,17.0,130.0,84.694,83.0,0.0,0.0,12.0,36.0,1.0,5.263158,0.0,0.0,18.0,0.0,441.0,33.0,19.0,0.0,0.0,10.0,73.0,0.0,0.0,26.0,49.056606,0.0,0.0,27.0,0.0,0.0,0.0,265.0,0.0,0.0,17.0,24.5,9.814815,15.688889,12.176,19.0,45.736,66.0,41.83,17.0,207.0,53.0,0.0,0.0,9.0,16.981,20.0,37.736,2424.0,17.0,5.66,3.0,0.0,24.0,58.0,0.0,30.0,30.0,4.0,27.0,496.0,29.176,61.0,0.0,0.0,0.0,0.0,0.0,360.0,223.0,24.0,21.176,113.0,25.0,44.0,11.0,10.0,30775.0,73.65,18.97,84.48,65.52,202.0,42.079,85.0,25.0,97.0,767.0,27.0,0.0,2.0
Vikings,Minnesota,26.0,15.0,23.0,11.0,2.0,17.0,0.0,0.0,2.0,577.344,67.195,424.0,6230.0,3.011,19.0,62.0,0.0,4359.0,256.41177,5912.0,347.7647,631.0,74.0,220.0,15.0,10.0,4.754,30.0,4700.0,1921.0,2779.0,276.471,92.413,47.0,341.0,678.0,17.0,1071.0,344.0,20.235,39.0,6253.0,6253.0,1.0,1.0,1.0,367.82352,11.085,367.824,7.448,6.429203539823009,92.413,577.344,1573.0,31.0,0.0,5912.0,347.7647,393.0,5.0,79.0,5.0,3.0,7.0,1553.0,91.353,46.0,-106.0,17.0,1071.0,344.0,20.235,39.0,6253.0,6253.0,1.0,0.0,0.0,367.82352,367.824,3.952,577.344,7870.0,62.0,0.0,5912.0,347.7647,74.0,220.0,15.0,10.0,606.0,30.0,4700.0,1921.0,2779.0,276.471,424.0,17.0,1071.0,344.0,20.235,39.0,6253.0,6253.0,606.0,1.0,1.0,367.82352,367.824,11.085,461.0,10.182,7.023,9.593,0.0,0.0,2.0,0.0,1.0,43.0,0.0,0.0,67.0,0.0,43.0,302.0,0.0,819.0,27.0,259.0,70.0,17.0,1280.0,0.0,0.0,0.0,11.0,0.0,112.0,25.105,63.663,38.0,94.737,1.0,2.632,36.0,0.0,0.0,30.0,1.0,7.0,9.0,6.0,7.0,0.0,7.0,1127.0,80.0,1.0,3.333,24.0,1.0,7.0,9.0,3.0,4.0,0.0,4.0,831.0,296.0,19.0,0.0,477.0,80.0,5093.0,57.0,54.0,70.0,17.0,108.0,76.25,61.0,0.0,0.0,11.0,99.0,1.0,5.0,0.0,0.0,19.0,0.0,477.0,47.0,25.0,0.0,0.0,14.0,37.0,0.0,0.0,14.0,27.450981,0.0,0.0,37.0,0.0,0.0,0.0,289.0,0.0,0.0,17.0,25.105263,7.810811,13.678572,9.893,16.0,48.117,68.0,43.5,28.0,277.0,60.0,0.0,0.0,3.0,5.0,16.0,26.667,2887.0,17.0,11.667,7.0,0.0,24.0,36.0,0.0,30.0,30.0,2.0,7.0,344.0,20.235,39.0,1.0,1.0,1.0,0.0,0.0,340.0,220.0,41.0,20.0,79.0,29.0,58.621,17.0,15.0,29848.0,59.66,29.41,76.47,47.06,223.0,38.117,85.0,34.0,89.0,670.0,22.0,0.0,-12.0
Patriots,New England,19.0,8.0,17.0,8.0,1.0,17.0,0.0,0.0,1.0,483.128,63.016,351.0,3882.0,3.77,21.0,58.0,0.0,3069.0,180.52942,4696.0,276.2353,557.0,34.0,153.0,9.0,6.0,2.873,16.0,3392.0,1858.0,1534.0,199.529,73.84,48.0,323.0,605.0,17.0,1020.0,236.0,13.882,27.0,5019.0,5019.0,1.0,0.0,1.0,295.2353,9.664,295.235,6.09,5.072727272727272,73.84,483.128,1822.0,64.0,0.0,4696.0,276.2353,415.0,3.0,93.0,3.0,1.0,9.0,1627.0,95.706,35.0,-64.0,17.0,1020.0,236.0,13.882,27.0,5019.0,5019.0,0.0,0.0,1.0,295.2353,295.235,3.92,483.128,5707.0,58.0,0.0,4696.0,276.2353,34.0,153.0,9.0,6.0,541.0,16.0,3392.0,1852.0,1540.0,199.529,351.0,17.0,1020.0,236.0,13.882,27.0,5019.0,5019.0,541.0,0.0,1.0,295.2353,295.235,9.664,439.0,9.6,6.889,4.818,0.0,0.0,1.0,0.0,1.0,32.0,0.0,0.0,66.0,0.0,36.0,248.0,1.0,812.0,44.0,212.0,80.0,17.0,1251.0,0.0,0.0,0.0,10.0,0.0,96.0,26.167,62.787,25.0,96.0,0.0,0.0,24.0,1.0,1.639,25.0,0.0,4.0,7.0,10.0,4.0,0.0,4.0,1019.0,64.0,0.0,0.0,16.0,0.0,4.0,5.0,5.0,2.0,0.0,2.0,609.0,410.0,18.0,0.0,471.0,61.0,3830.0,57.0,56.0,67.0,17.0,72.0,63.934,39.0,0.0,0.0,8.0,1.0,1.0,5.263158,0.0,0.0,18.0,1.0,471.0,98.0,25.0,0.0,0.0,8.0,14.0,0.0,0.0,26.0,44.0678,0.0,0.0,33.0,0.0,0.0,0.0,208.0,0.0,0.0,17.0,26.166666,6.3030305,13.313725,9.977,24.0,46.918,79.0,42.439,44.0,439.0,98.0,0.0,0.0,8.0,8.163,38.0,38.776,4598.0,17.0,8.163,8.0,2.0,16.0,24.0,0.0,16.0,16.0,2.0,9.0,236.0,13.882,27.0,0.0,0.0,0.0,0.0,0.0,261.0,153.0,15.0,15.353,93.0,25.0,36.0,9.0,8.0,28607.0,67.86,22.22,80.56,58.33,222.0,30.18,67.0,29.0,89.0,676.0,18.0,0.0,-11.0
Saints,New Orleans,13.0,7.0,8.0,11.0,1.0,17.0,0.0,0.0,1.0,527.808,66.997,406.0,5855.0,1.815,11.0,58.0,0.0,3990.0,234.70589,5732.0,337.17648,606.0,52.0,199.0,5.0,2.0,4.62,28.0,4225.0,1799.0,2426.0,248.529,94.802,35.0,235.0,641.0,17.0,1121.0,402.0,23.647,44.0,5967.0,5967.0,1.0,2.0,2.0,351.0,10.406,351.0,6.972,6.224648985959439,94.802,527.808,2092.0,29.0,0.0,5732.0,337.17648,480.0,4.0,112.0,4.0,3.0,13.0,1742.0,102.471,62.0,-99.0,17.0,1121.0,402.0,23.647,44.0,5967.0,5967.0,0.0,2.0,2.0,351.0,351.0,3.629,527.808,7235.0,58.0,0.0,5732.0,337.17648,52.0,199.0,5.0,2.0,579.0,28.0,4225.0,1799.0,2426.0,248.529,406.0,17.0,1121.0,402.0,23.647,44.0,5967.0,5967.0,579.0,2.0,2.0,351.0,351.0,10.406,446.0,10.278,7.176,5.833,0.0,0.0,2.0,0.0,0.0,74.0,0.0,0.0,99.0,0.0,34.0,244.0,0.0,690.0,36.0,210.0,70.0,17.0,1136.0,0.0,0.0,0.0,18.0,1.0,185.0,21.182,64.044,40.0,100.0,0.0,0.0,40.0,2.0,2.198,37.0,0.0,12.0,6.0,10.0,9.0,0.0,9.0,1449.0,81.081,0.0,0.0,30.0,0.0,10.0,6.0,8.0,6.0,0.0,6.0,1141.0,308.0,22.0,0.0,466.0,91.0,5828.0,55.0,55.0,71.0,17.0,130.0,83.516,76.0,0.0,0.0,11.0,31.0,1.0,4.347826,0.0,0.0,22.0,0.0,466.0,28.0,76.0,0.0,0.0,7.0,0.0,0.0,0.0,24.0,42.857143,0.0,0.0,32.0,0.0,0.0,1.0,392.0,0.0,0.0,17.0,21.181818,12.25,15.888889,5.621,24.0,42.987,62.0,40.813,29.0,163.0,75.0,0.0,0.0,9.0,12.0,31.0,41.333,3224.0,17.0,5.333,4.0,0.0,30.0,40.0,0.0,28.0,28.0,3.0,13.0,402.0,23.647,44.0,4.0,2.0,2.0,2.0,0.0,337.0,199.0,26.0,19.824,112.0,19.0,47.368,9.0,7.0,31794.0,63.33,23.33,76.67,53.33,235.0,38.723,91.0,18.0,96.0,846.0,29.0,0.0,11.0
Giants,New York,24.0,7.0,23.0,13.0,0.0,17.0,0.0,0.0,0.0,489.712,65.251,338.0,4041.0,2.317,12.0,80.0,0.0,2886.0,169.76471,4760.0,280.0,518.0,44.0,141.0,7.0,2.0,2.896,15.0,3351.0,1601.0,1750.0,197.118,83.413,85.0,465.0,603.0,17.0,1057.0,266.0,15.647,29.0,5225.0,5225.0,2.0,0.0,3.0,307.35294,9.914,307.353,6.469,4.786069651741293,83.413,489.712,2119.0,36.0,0.0,4760.0,280.0,454.0,12.0,97.0,12.0,2.0,10.0,1874.0,110.235,57.0,-116.0,17.0,1057.0,266.0,15.647,29.0,5225.0,5225.0,0.0,1.0,1.0,307.35294,307.353,4.128,489.712,5566.0,80.0,0.0,4760.0,280.0,44.0,141.0,7.0,2.0,485.0,15.0,3351.0,1601.0,1750.0,197.118,338.0,17.0,1057.0,266.0,15.647,29.0,5225.0,5225.0,485.0,0.0,2.0,307.35294,307.353,9.914,390.0,22.444,7.618,5.357,0.0,1.0,3.0,0.0,1.0,102.0,0.0,0.0,81.0,0.0,34.0,259.0,0.0,792.0,42.0,225.0,76.0,17.0,1182.0,0.0,0.0,0.0,18.0,3.0,404.0,19.154,62.677,25.0,96.0,0.0,0.0,24.0,10.0,15.385,31.0,0.0,4.0,9.0,11.0,7.0,0.0,7.0,1277.0,70.968,1.0,3.226,22.0,0.0,4.0,7.0,6.0,5.0,0.0,5.0,870.0,407.0,13.0,0.0,249.0,65.0,4074.0,57.0,57.0,68.0,17.0,90.0,58.462,38.0,0.0,0.0,13.0,21.0,3.0,18.75,0.0,0.0,13.0,0.0,249.0,36.0,94.0,0.0,0.0,7.0,55.0,0.0,0.0,16.0,31.372551,0.0,0.0,35.0,0.0,0.0,1.0,311.0,0.0,0.0,17.0,19.153847,8.885715,11.666667,6.923,36.0,46.021,74.0,43.179,39.0,270.0,95.0,0.0,0.0,8.0,8.421,35.0,36.842,4372.0,17.0,4.211,4.0,0.0,22.0,24.0,0.0,15.0,15.0,4.0,10.0,266.0,15.647,29.0,1.0,0.0,0.0,1.0,0.0,267.0,141.0,29.0,15.706,97.0,37.0,48.649,18.0,7.0,30144.0,55.15,25.58,69.77,44.19,248.0,30.242,75.0,19.0,89.0,711.0,31.0,0.0,12.0
Jets,New York,32.0,18.0,15.0,10.0,1.0,17.0,0.0,0.0,1.0,461.678,59.235,356.0,3693.0,2.496,15.0,68.0,0.0,2919.0,171.70589,4566.0,268.58823,601.0,37.0,156.0,14.0,8.0,1.83,11.0,3373.0,1782.0,1591.0,198.412,70.529,64.0,454.0,665.0,17.0,1053.0,268.0,15.765,22.0,5020.0,5020.0,3.0,1.0,2.0,295.29413,9.475,295.294,5.612,4.389473684210526,70.529,461.678,1622.0,83.0,0.0,4566.0,268.58823,388.0,9.0,77.0,9.0,3.0,7.0,1647.0,96.882,48.0,-104.0,17.0,1053.0,268.0,15.765,22.0,5020.0,5020.0,0.0,2.0,2.0,295.29413,295.294,4.245,461.678,5538.0,68.0,0.0,4566.0,268.58823,37.0,156.0,14.0,8.0,563.0,11.0,3373.0,1782.0,1591.0,198.412,356.0,17.0,1053.0,268.0,15.765,22.0,5020.0,5020.0,563.0,1.0,1.0,295.29413,295.294,9.475,429.0,12.471,6.688,5.353,0.0,0.0,3.0,0.0,1.0,51.0,0.0,0.0,91.0,0.0,48.0,321.0,1.0,796.0,51.0,273.0,99.0,17.0,1225.0,0.0,0.0,0.0,17.0,2.0,212.0,22.583,63.712,17.0,94.118,0.0,0.0,16.0,2.0,2.74,39.0,0.0,8.0,11.0,14.0,6.0,0.0,6.0,1509.0,92.308,1.0,2.564,36.0,0.0,8.0,10.0,13.0,5.0,0.0,5.0,1377.0,132.0,24.0,0.0,542.0,73.0,4651.0,55.0,55.0,75.0,17.0,124.0,84.932,62.0,0.0,0.0,10.0,39.0,1.0,4.0,0.0,0.0,24.0,0.0,542.0,34.0,65.0,0.0,0.0,18.0,60.0,0.0,0.0,31.0,48.4375,0.0,0.0,33.0,0.0,0.0,1.0,319.0,0.0,0.0,17.0,22.583334,9.666667,15.105263,11.146,28.0,48.798,62.0,43.394,48.0,535.0,99.0,0.0,0.0,14.0,14.141,36.0,36.364,4831.0,17.0,8.081,8.0,6.0,36.0,16.0,0.0,11.0,11.0,4.0,7.0,268.0,15.765,22.0,3.0,1.0,1.0,2.0,0.0,260.0,156.0,27.0,15.294,77.0,29.0,58.621,17.0,18.0,29740.0,52.12,45.95,78.38,32.43,235.0,25.957,61.0,33.0,124.0,945.0,27.0,0.0,-6.0
Eagles,Philadelphia,22.0,12.0,19.0,9.0,1.0,17.0,0.0,0.0,1.0,561.417,65.542,369.0,5267.0,2.842,16.0,63.0,0.0,3834.0,225.52942,6024.0,354.35294,563.0,50.0,197.0,8.0,6.0,4.263,24.0,4067.0,1786.0,2281.0,239.235,89.17,39.0,233.0,602.0,17.0,1112.0,433.0,25.471,49.0,6257.0,6257.0,2.0,0.0,1.0,368.05884,11.022,368.059,7.224,6.368770764119601,89.17,561.417,2780.0,43.0,0.0,6024.0,354.35294,510.0,11.0,149.0,11.0,4.0,22.0,2190.0,128.824,53.0,-116.0,17.0,1112.0,433.0,25.471,49.0,6257.0,6257.0,0.0,1.0,1.0,368.05884,368.059,4.294,561.417,6752.0,63.0,0.0,6024.0,354.35294,50.0,197.0,8.0,6.0,525.0,24.0,4067.0,1786.0,2281.0,239.235,369.0,17.0,1112.0,433.0,25.471,49.0,6257.0,6257.0,525.0,0.0,1.0,368.05884,368.059,11.022,389.0,23.0,5.93,7.067,0.0,0.0,3.0,0.0,1.0,99.0,0.0,0.0,74.0,0.0,43.0,255.0,1.0,769.0,30.0,212.0,73.0,17.0,1158.0,0.0,0.0,0.0,9.0,2.0,207.0,19.538,64.242,46.0,97.826,0.0,0.0,45.0,0.0,0.0,32.0,0.0,9.0,8.0,7.0,7.0,1.0,8.0,1265.0,93.75,0.0,0.0,30.0,0.0,9.0,7.0,7.0,6.0,1.0,7.0,1173.0,92.0,13.0,0.0,254.0,91.0,5846.0,61.0,61.0,73.0,17.0,135.0,80.22,73.0,0.0,0.0,8.0,51.0,10.0,43.47826,0.0,0.0,13.0,0.0,254.0,38.0,54.0,0.0,0.0,12.0,11.0,0.0,0.0,18.0,38.297874,0.0,0.0,29.0,0.0,0.0,0.0,417.0,0.0,0.0,17.0,19.538462,14.379311,15.976191,8.656,7.0,48.788,63.0,43.462,32.0,277.0,52.0,0.0,0.0,6.0,11.538,17.0,32.692,2537.0,17.0,1.923,1.0,2.0,30.0,45.0,0.0,24.0,24.0,3.0,22.0,433.0,25.471,49.0,1.0,0.0,0.0,1.0,0.0,377.0,197.0,31.0,22.176,149.0,26.0,73.077,19.0,12.0,31752.0,70.0,23.33,83.33,60.0,225.0,48.0,108.0,28.0,95.0,784.0,18.0,0.0,-10.0
Steelers,Pittsburgh,21.0,7.0,20.0,11.0,1.0,17.0,0.0,0.0,1.0,520.947,63.834,323.0,4061.0,1.779,9.0,86.0,0.0,3163.0,186.05882,5173.0,304.29413,506.0,41.0,153.0,8.0,3.0,2.569,13.0,3421.0,1743.0,1678.0,201.235,84.6,36.0,258.0,542.0,17.0,1029.0,304.0,17.882,31.0,5431.0,5431.0,5.0,1.0,2.0,319.47058,10.591,319.471,6.761,5.8357933579335795,84.6,520.947,2465.0,74.0,0.0,5173.0,304.29413,487.0,14.0,115.0,14.0,2.0,16.0,2010.0,118.235,71.0,-147.0,17.0,1029.0,304.0,17.882,31.0,5431.0,5431.0,0.0,0.0,1.0,319.47058,319.471,4.127,520.947,5491.0,86.0,0.0,5173.0,304.29413,41.0,153.0,8.0,3.0,484.0,13.0,3421.0,1749.0,1672.0,201.235,323.0,17.0,1029.0,304.0,17.882,31.0,5431.0,5431.0,484.0,1.0,2.0,319.47058,319.471,10.591,375.0,11.5,6.468,7.139,0.0,0.0,2.0,0.0,3.0,32.0,0.0,0.0,80.0,0.0,47.0,304.0,1.0,779.0,36.0,257.0,83.0,17.0,1154.0,0.0,0.0,0.0,16.0,1.0,184.0,23.542,63.592,28.0,96.429,0.0,0.0,27.0,3.0,3.947,31.0,0.0,9.0,7.0,8.0,6.0,1.0,7.0,1190.0,93.548,0.0,0.0,29.0,0.0,9.0,7.0,7.0,6.0,0.0,6.0,1084.0,106.0,24.0,0.0,565.0,76.0,4833.0,61.0,57.0,70.0,17.0,114.0,72.368,55.0,0.0,0.0,11.0,35.0,2.0,7.692308,0.0,0.0,24.0,0.0,565.0,37.0,34.0,0.0,0.0,7.0,62.0,0.0,0.0,13.0,30.232557,0.0,0.0,30.0,0.0,0.0,0.0,257.0,0.0,0.0,17.0,23.541666,8.566667,15.222222,9.276,30.0,43.978,63.0,40.955,29.0,269.0,89.0,0.0,0.0,11.0,12.36,33.0,37.079,3914.0,17.0,8.989,8.0,2.0,29.0,27.0,0.0,13.0,13.0,2.0,16.0,304.0,17.882,31.0,1.0,1.0,1.0,0.0,0.0,287.0,153.0,19.0,16.882,115.0,19.0,47.368,9.0,7.0,30235.0,62.93,35.71,83.33,47.62,232.0,36.638,85.0,16.0,86.0,753.0,27.0,0.0,11.0
49ers,San Francisco,16.0,6.0,10.0,6.0,0.0,17.0,0.0,0.0,0.0,684.141,68.432,336.0,6527.0,2.444,12.0,76.0,0.0,4384.0,257.88235,6773.0,398.41177,491.0,75.0,207.0,9.0,4.0,6.721,33.0,4577.0,2209.0,2368.0,269.235,110.172,34.0,193.0,525.0,17.0,1024.0,491.0,28.882,61.0,6966.0,6966.0,1.0,0.0,0.0,409.7647,13.622,409.765,9.322,8.35047619047619,110.172,684.141,3244.0,72.0,0.0,6773.0,398.41177,499.0,11.0,147.0,11.0,2.0,27.0,2389.0,140.529,65.0,-120.0,17.0,1024.0,491.0,28.882,61.0,6966.0,6966.0,0.0,0.0,0.0,409.7647,409.765,4.788,684.141,7412.0,76.0,0.0,6773.0,398.41177,75.0,207.0,9.0,4.0,471.0,33.0,4577.0,2209.0,2368.0,269.235,336.0,17.0,1024.0,491.0,28.882,61.0,6966.0,6966.0,471.0,0.0,0.0,409.7647,409.765,13.622,398.0,14.045,6.396,8.094,0.0,0.0,1.0,0.0,0.0,79.0,0.0,0.0,84.0,0.0,48.0,307.0,0.0,761.0,32.0,259.0,80.0,17.0,1159.0,0.0,0.0,0.0,22.0,1.0,309.0,21.85,62.619,61.0,98.361,0.0,0.0,60.0,5.0,5.155,25.0,0.0,7.0,9.0,6.0,3.0,0.0,3.0,916.0,84.0,0.0,0.0,21.0,0.0,7.0,8.0,4.0,2.0,0.0,2.0,743.0,173.0,20.0,0.0,437.0,97.0,6074.0,57.0,57.0,67.0,17.0,123.0,59.794,58.0,0.0,0.0,6.0,26.0,0.0,0.0,0.0,0.0,20.0,0.0,437.0,34.0,19.0,0.0,0.0,6.0,1.0,0.0,0.0,13.0,27.659575,0.0,0.0,34.0,0.0,0.0,0.0,273.0,0.0,0.0,17.0,21.85,8.029411,13.148149,10.0,13.0,47.692,67.0,43.462,22.0,220.0,52.0,0.0,0.0,13.0,25.0,26.0,50.0,2480.0,17.0,3.846,2.0,2.0,21.0,60.0,0.0,33.0,33.0,1.0,27.0,491.0,28.882,61.0,0.0,0.0,0.0,0.0,0.0,383.0,207.0,29.0,22.529,147.0,13.0,53.846,7.0,6.0,31755.0,75.48,19.4,86.57,67.16,179.0,47.486,85.0,18.0,101.0,933.0,28.0,0.0,10.0
Seahawks,Seattle,8.0,5.0,14.0,8.0,0.0,17.0,0.0,0.0,0.0,573.668,64.522,371.0,5417.0,2.087,12.0,73.0,0.0,3910.0,230.0,5490.0,322.94116,575.0,56.0,189.0,4.0,2.0,4.0,23.0,4167.0,2015.0,2152.0,245.118,90.685,38.0,257.0,613.0,17.0,995.0,364.0,21.412,37.0,5747.0,5747.0,0.0,2.0,3.0,338.05884,11.232,338.059,7.247,6.378466557911909,90.685,573.668,1890.0,45.0,0.0,5490.0,322.94116,382.0,13.0,93.0,13.0,0.0,11.0,1580.0,92.941,50.0,-110.0,17.0,995.0,364.0,21.412,37.0,5747.0,5747.0,0.0,0.0,0.0,338.05884,338.059,4.136,573.668,6827.0,73.0,0.0,5490.0,322.94116,56.0,189.0,4.0,2.0,547.0,23.0,4167.0,2011.0,2156.0,245.118,371.0,17.0,995.0,364.0,21.412,37.0,5747.0,5747.0,547.0,2.0,2.0,338.05884,338.059,11.232,500.0,16.091,6.34,4.827,0.0,0.0,3.0,0.0,1.0,97.0,0.0,0.0,77.0,0.0,47.0,298.0,0.0,832.0,52.0,251.0,99.0,17.0,1332.0,0.0,0.0,0.0,11.0,3.0,177.0,26.154,62.744,33.0,100.0,0.0,0.0,33.0,7.0,8.14,42.0,0.0,8.0,12.0,14.0,8.0,0.0,8.0,1653.0,83.333,0.0,0.0,35.0,0.0,8.0,11.0,12.0,4.0,0.0,4.0,1310.0,343.0,26.0,0.0,680.0,86.0,5396.0,56.0,55.0,71.0,17.0,138.0,63.953,55.0,0.0,0.0,8.0,15.0,0.0,0.0,0.0,0.0,26.0,0.0,680.0,66.0,32.0,0.0,0.0,5.0,2.0,0.0,0.0,16.0,39.024387,0.0,0.0,25.0,0.0,0.0,0.0,265.0,0.0,0.0,17.0,26.153847,10.6,18.529411,6.824,12.0,50.045,73.0,46.53,34.0,232.0,66.0,0.0,0.0,7.0,10.606,25.0,37.879,3303.0,17.0,12.121,8.0,0.0,35.0,33.0,0.0,23.0,23.0,3.0,11.0,364.0,21.412,37.0,2.0,2.0,2.0,0.0,0.0,317.0,189.0,35.0,18.647,93.0,16.0,37.5,6.0,5.0,27441.0,62.43,33.33,81.48,48.15,207.0,36.232,75.0,17.0,111.0,954.0,19.0,0.0,2.0
Buccaneers,Tampa Bay,21.0,8.0,18.0,13.0,0.0,17.0,0.0,0.0,0.0,528.401,64.085,364.0,5704.0,1.761,10.0,75.0,0.0,3812.0,224.23529,5321.0,313.0,568.0,60.0,188.0,12.0,7.0,4.93,28.0,4044.0,1941.0,2103.0,237.882,94.25,40.0,232.0,608.0,17.0,1047.0,348.0,20.471,37.0,5553.0,5553.0,0.0,2.0,4.0,326.64706,11.11,326.647,7.12,6.269736842105263,94.25,528.401,1669.0,38.0,0.0,5321.0,313.0,439.0,5.0,79.0,5.0,1.0,8.0,1509.0,88.765,52.0,-106.0,17.0,1047.0,348.0,20.471,37.0,5553.0,5553.0,0.0,0.0,0.0,326.64706,326.647,3.437,528.401,6844.0,75.0,0.0,5321.0,313.0,60.0,188.0,12.0,7.0,550.0,28.0,4044.0,1941.0,2103.0,237.882,364.0,17.0,1047.0,348.0,20.471,37.0,5553.0,5553.0,550.0,2.0,4.0,326.64706,326.647,11.11,439.0,7.154,7.0,6.698,0.0,0.0,1.0,0.0,0.0,28.0,0.0,0.0,64.0,0.0,48.0,336.0,1.0,804.0,43.0,288.0,91.0,17.0,1243.0,0.0,0.0,0.0,13.0,1.0,93.0,20.438,62.488,33.0,100.0,0.0,0.0,33.0,3.0,3.659,31.0,0.0,8.0,12.0,3.0,8.0,0.0,8.0,1192.0,93.548,2.0,6.452,29.0,0.0,8.0,12.0,2.0,7.0,0.0,7.0,1102.0,90.0,16.0,0.0,327.0,82.0,5124.0,57.0,57.0,78.0,17.0,120.0,63.415,52.0,0.0,0.0,12.0,8.0,5.0,23.809525,0.0,0.0,16.0,0.0,327.0,32.0,51.0,0.0,0.0,8.0,21.0,0.0,0.0,18.0,41.860466,0.0,0.0,25.0,0.0,0.0,0.0,234.0,0.0,0.0,17.0,20.4375,9.36,13.682927,11.974,10.0,50.052,74.0,44.143,38.0,455.0,77.0,0.0,0.0,9.0,11.688,26.0,33.766,3854.0,17.0,11.688,9.0,2.0,29.0,33.0,0.0,28.0,28.0,1.0,8.0,348.0,20.471,37.0,2.0,2.0,2.0,0.0,0.0,300.0,188.0,33.0,17.647,79.0,18.0,66.667,12.0,8.0,30011.0,61.01,35.42,81.25,45.83,236.0,41.525,98.0,18.0,100.0,751.0,26.0,0.0,8.0
Titans,Tennessee,19.0,9.0,15.0,8.0,0.0,17.0,0.0,0.0,0.0,523.774,61.538,304.0,4162.0,2.227,11.0,70.0,0.0,3067.0,180.41176,4913.0,289.0,494.0,54.0,158.0,9.0,2.0,2.834,14.0,3512.0,1591.0,1921.0,206.588,83.153,64.0,445.0,558.0,17.0,1002.0,305.0,17.941,31.0,5358.0,5358.0,3.0,1.0,1.0,315.17648,11.553,315.176,7.109,5.496415770609319,83.153,523.774,2271.0,69.0,0.0,4913.0,289.0,444.0,10.0,103.0,10.0,1.0,16.0,1846.0,108.588,56.0,-119.0,17.0,1002.0,305.0,17.941,31.0,5358.0,5358.0,0.0,0.0,0.0,315.17648,315.176,4.158,523.774,5522.0,70.0,0.0,4913.0,289.0,54.0,158.0,9.0,2.0,478.0,14.0,3512.0,1587.0,1925.0,206.588,304.0,17.0,1002.0,305.0,17.941,31.0,5358.0,5358.0,478.0,1.0,1.0,315.17648,315.176,11.553,478.0,14.333,7.0,6.0,0.0,0.0,1.0,0.0,2.0,44.0,0.0,0.0,55.0,1.0,45.0,315.0,0.0,835.0,45.0,270.0,90.0,17.0,1313.0,0.0,0.0,0.0,6.0,1.0,86.0,20.667,62.611,30.0,93.333,0.0,0.0,28.0,1.0,1.389,30.0,0.0,9.0,9.0,6.0,6.0,0.0,6.0,1134.0,96.667,0.0,0.0,29.0,0.0,9.0,9.0,6.0,5.0,0.0,5.0,1083.0,51.0,18.0,0.0,372.0,72.0,4508.0,53.0,53.0,70.0,17.0,115.0,47.222,34.0,0.0,0.0,8.0,8.0,14.0,43.75,0.0,0.0,18.0,0.0,372.0,33.0,21.0,0.0,0.0,9.0,21.0,0.0,0.0,14.0,25.0,0.0,0.0,42.0,0.0,0.0,0.0,330.0,0.0,0.0,17.0,20.666666,7.857143,11.7,11.31,19.0,50.734,74.0,46.0,29.0,328.0,79.0,1.0,1.266,13.0,16.456,36.0,45.57,4008.0,17.0,15.19,12.0,0.0,29.0,28.0,0.0,14.0,14.0,1.0,16.0,305.0,17.941,31.0,1.0,1.0,1.0,0.0,0.0,298.0,158.0,37.0,17.529,103.0,20.0,55.0,11.0,9.0,30466.0,62.2,33.33,81.25,47.92,212.0,33.491,71.0,20.0,110.0,882.0,14.0,0.0,-6.0
Commanders,Washington,20.0,11.0,10.0,10.0,1.0,17.0,0.0,1.0,0.0,534.372,63.994,407.0,5224.0,3.302,21.0,51.0,0.0,3725.0,219.11765,5317.0,312.7647,636.0,48.0,190.0,8.0,4.0,3.774,24.0,4174.0,2092.0,2082.0,245.529,81.579,65.0,449.0,701.0,17.0,1060.0,329.0,19.353,39.0,5766.0,5766.0,0.0,1.0,2.0,339.17648,10.256,339.176,6.563,5.313837375178316,81.579,534.372,1917.0,29.0,0.0,5317.0,312.7647,359.0,8.0,99.0,8.0,5.0,14.0,1592.0,93.647,24.0,-44.0,17.0,1060.0,329.0,19.353,39.0,5766.0,5766.0,0.0,2.0,2.0,339.17648,339.176,4.435,534.372,7049.0,51.0,0.0,5317.0,312.7647,48.0,190.0,8.0,4.0,601.0,24.0,4174.0,2091.0,2083.0,245.529,407.0,17.0,1060.0,329.0,19.353,39.0,5766.0,5766.0,601.0,1.0,1.0,339.17648,339.176,10.256,452.0,10.625,4.359,2.787,0.0,0.0,0.0,0.0,1.0,52.0,0.0,0.0,78.0,0.0,39.0,170.0,0.0,789.0,47.0,131.0,86.0,17.0,1241.0,0.0,0.0,0.0,8.0,0.0,85.0,25.042,62.778,35.0,91.429,1.0,2.857,32.0,0.0,0.0,24.0,0.0,3.0,7.0,9.0,4.0,1.0,5.0,1003.0,79.167,1.0,4.167,19.0,0.0,2.0,7.0,7.0,2.0,1.0,3.0,769.0,234.0,24.0,0.0,601.0,72.0,4520.0,61.0,61.0,68.0,17.0,89.0,88.889,64.0,0.0,0.0,10.0,5.0,0.0,0.0,0.0,0.0,24.0,0.0,601.0,40.0,61.0,0.0,0.0,11.0,1.0,0.0,0.0,14.0,28.57143,0.0,0.0,35.0,0.0,0.0,0.0,278.0,0.0,0.0,17.0,25.041666,7.9428573,14.898305,7.971,25.0,46.041,66.0,41.2,34.0,271.0,73.0,2.0,2.74,6.0,8.219,30.0,41.096,3361.0,17.0,2.74,2.0,0.0,19.0,32.0,0.0,24.0,24.0,0.0,14.0,329.0,19.353,38.0,3.0,1.0,1.0,2.0,0.0,321.0,190.0,32.0,18.882,99.0,29.0,55.172,16.0,11.0,30228.0,67.06,18.37,77.55,59.18,216.0,35.648,77.0,32.0,87.0,701.0,18.0,0.0,-14.0
